activity,item
서핑,서핑보드
서핑,래쉬가드
서핑,수영복
서핑,선크림
서핑,물
서핑,왁스
서핑,세면용품
서핑,서핑슈즈
서핑,속옷
서핑,수건
산책,신발
산책,모자
산책,물
산책,선글라스
산책,지갑
산책,여권
축제,팜플렛
축제,지갑
요가,요가 매트
요가,요가복
요가,물
스노클링,래쉬가드
스노쿨링,수영복
스노클링,물안경
스노클링,수건
스노클링,스노클러
스노쿨링,아쿠아슈즈
자전거,헬멧
자전거,자전거
자전거,자물쇠
자전거,라이트
자전거,물
자전거,가방
쇼핑,장바구니
쇼핑,지갑
쇼핑,마스크
쇼핑,여권
피크닉,돗자리
피크닉,음식
피크닉,음료수
피크닉,물티슈
스파,수건
스파,수영복
스파,세면용품
스파,슬리퍼
스파,모자
유람선,선크림
유람선,수영복
유람선,선글라스
유람선,카메라
유람선,비치 타월
유람선,슬리퍼
와인 시음,팜플렛
트레킹,등산화
트레킹,배낭
트레킹,손전등
트레킹,음식
트레킹,물
트레킹,돗자리
트레킹,지도
트레킹,나침반
트레킹,손수건
트레킹,방한복
트레킹,비옷
트레킹,구호용품
캠핑,텐트
캠핑,침낭
캠핑,캠핑의자
캠핑,캠핑테이블
캠핑,코펠
캠핑,코펠스토브
캠핑,랜턴
캠핑,파이어 키트
캠핑,식기세트
탐방,운동화
탐방,손전등
탐방,물
탐방,간식
탐방,지도
탐방,나침반
탐방,모자
탐방,선크림
탐방,카메라
탐방,비상약품
탐방,무전기
탐방,손수건
탐방,지퍼백
탐방,보조 배터리
스카이다이빙,운동화
역사,노트
역사,필기도구
역사,연구 자료
역사,지도
역사,운동화
역사,물
역사,모자
조깅,운동복
조깅,운동화
조깅,모자
조깅,물
조깅,이어폰
고고학,발굴 기구
사진,카메라
사진,렌즈
사진,삼각대
사진,메모리 카드
사진,배터리
사진,렌즈 캡
사진,가방
골프,골프 클럽
골프,골프공
골프,골프 장갑
골프,골프화
골프,그립
골프,볼마커
골프,선크림
골프,모자
골프,골프 마스크
바베큐,숯
바베큐,그릴
바베큐,통
바베큐,집게
바베큐,소금
바베큐,후추
바베큐,소스
바베큐,고기
바베큐,채소
바베큐,음료수
바베큐,접시
바베큐,젓가락
바베큐,냅킨
헬리콥터,장갑
헬리콥터,안전고글
오토바이,헬멧
오토바이,장갑
오토바이,자켓
오토바이,부츠
오토바이,안전 경고등
오토바이,면허증
오토바이,오토바이
오토바이,여권
카페,지갑
보트,구명조끼
보트,수영복
사파리,카메라
사파리,모자
사파리,물
사파리,선크림
사파리,지도
사파리,지갑
사파리,운동화
수상스키,수상스키
수상스키,선크림
수상스키,래쉬가드
수상스키,수영복
승마,모자
승마,부츠
승마,장갑
맛집 투어,가이드북
맛집 투어,지갑
맛집 투어,운동화
맛집 투어,카메라
맛집 투어,여권
스쿠버다이빙,슈트
스쿠버다이빙,레귤레이터
스쿠버다이빙,스노클
스쿠버다이빙,수건
스쿠버다이빙,다이빙 장갑
가드닝,장갑
클라이밍,슈즈
축구,축구화
축구,축구공
축구,스포츠 양말
축구,옷
축구,물
야구,야구모자
야구,야구글러브
야구,야구배트
야구,야구공
야구,야구화
야구,옷
야구,보호대
배구,배구공
배구,운동화
배구,발목보호대
배구,물
배구,타월
배구,무릎보호대
워터파크,수영복
워터파크,수건
워터파크,선크림
워터파크,아쿠아슈즈
워터파크,모자
워터파크,선글라스
호캉스,수영복
호캉스,선크림
호캉스,모자
호캉스,비치타월
호캉스,선글라스
호캉스,수건
고래 관람,티켓
고래 관람,카메라
고래 관람,지도
사격,귀마개
사격,장갑
요트,구명조끼
주짓수,도복
주짓수,보호대
스케이트보드,스케이트보드
스케이트보드,보호대
스케이트보드,운동화
스노우보딩,스노우보드
스노우보딩,고글
스노우보딩,보호장비
하이킹,등산화
하이킹,배낭
하이킹,물
하이킹,간식
하이킹,지도
하이킹,나침반
하이킹,모자
하이킹,선크림
하이킹,손수건
하이킹,옷
하이킹,손전등
하이킹,구호물품
하이킹,스틱
산악 자전거,헬멧
산악 자전거,자전거
산악 자전거,장갑
산악 자전거,물
산악 자전거,가방
극장,티켓
연주회,티켓
거리 탐방,지도
거리 탐방,물
거리 탐방,모자
거리 탐방,선크림
거리 탐방,운동화
거리 탐방,손수건
거리 탐방,여권
거리 탐방,지갑
전시회,티켓
댄스,운동화
댄스,물
종교,종교물품
등산,등산화
등산,배낭
등산,물
등산,보조 배터리
등산,손전등
등산,옷
등산,음식
등산,지도
등산,나침반
등산,손수건
등산,구호물품
등산,모자
등산,장갑
유적지,운동화
유적지,물
유적지,모자
유적지,카메라
유적지,가이드북
유적지,지도
건축물 관람,카메라
박물관,티켓
박물관,팜플렛
현지 요리 체험,티켓
수영,모자
수영,수영복
수영,물안경
수영,타올
수영,슬리퍼
수영,세면용품
온천,세면용품
온천,수영복
온천,옷
산림욕,수건
산림욕,모자
산림욕,선크림
산림욕,휴대용 선풍기
산림욕,벌레 퇴치 스프레이
산림욕,물
동물원,티켓
태권도,도복
낚시,낚싯대
낚시,낚싯줄
낚시,미끼
낚시,미끼상자
낚시,낚시 가방
낚시,낚시 바늘
낚시,그물
낚시,물고기 통
낚시,낚시 의자
낚시,줄자
전통 공예 체험,티켓
미술관,티켓
콘서트,티켓
콘서트,신분증
콘서트,응원봉
콘서트,슬로건
콘서트,물
콘서트,간식
콘서트,가방
경기 관람,티켓
경기 관람,음료수
경기 관람,간식
경기 관람,모자
경기 관람,선크림
경기 관람,카메라
마라톤,운동복
마라톤,운동화
마라톤,에너지바
미니 골프,골프 클럽
미니 골프,골프 공
미니 골프,골프 장갑
미니 골프,골프화
미니 골프,골프 가방
미니 골프,스코어 카드
테니스,테니스 라켓
테니스,테니스 공
테니스,테니스화
테니스,밴드
테니스,수건
테니스,물
바다 탐험,수영복
바다 탐험,랜턴
바다 탐험,칼
바다 탐험,구명조끼
바다 탐험,비상용 신호용품
바다 탐험,잠수복
바다 탐험,스노클링 장비
바다 탐험,카메라
바다 탐험,지도
바다 탐험,나침반
다이빙,수영복
다이빙,물안경
다이빙,수건
식물원,티켓
레이싱,티켓
놀이공원,선크림
놀이공원,티켓
놀이공원,팜플렛
놀이공원,지갑
놀이공원,여권
화산 탐사,등반용 헬멧
화산 탐사,가스 마스크
화산 탐사,안전 장갑
화산 탐사,신발
화산 탐사,물
화산 탐사,옷
화산 탐사,손전등
화산 탐사,식량
오로라 관람,카메라
오로라 관람,삼각대
오로라 관람,옷
오로라 관람,장갑
오로라 관람,귀마개
오로라 관람,보조 배터리
오로라 관람,지도
동굴 탐험,헬멧
동굴 탐험,손전등
동굴 탐험,등산화
동굴 탐험,보호 장비
동굴 탐험,로프
동굴 탐험,가방
동굴 탐험,식량
동굴 탐험,물
동굴 탐험,지도
동굴 탐험,나침반
동굴 탐험,의약품
동굴 탐험,통신 장비
동굴 탐험,방수 가방
클라이밍,로프
클라이밍,헬멧
농장,모자
농장,장갑
은하수 관측,삼각대
은하수 관측,천체망원경
은하수 관측,별지도
봉사활동,가방
봉사활동,장갑
봉사활동,마스크
봉사활동,손소독제
봉사활동,휴지
봉사활동,물
봉사활동,운동화
서바이벌,식량
서바이벌,물
서바이벌,등산화
서바이벌,망치
서바이벌,나이프
서바이벌,지퍼백
서바이벌,옷
서바이벌,와이어컷터
서바이벌,지도
서바이벌,나침반
서바이벌,응급처치도구
서바이벌,손전등
서바이벌,야전망원경
서바이벌,파이어킷
서바이벌,소독약
서바이벌,가위
서바이벌,모자
서바이벌,가방
서바이벌,물티슈
서바이벌,비닐
서바이벌,건조식량
사파리,식량
사파리,물
사파리,카메라
사파리,망원경
사파리,모자
사파리,선크림
사파리,지도
사파리,손전등
스노우모빌,헬멧
스노우모빌,안경
스노우모빌,장갑
스노우모빌,부츠
스노우모빌,옷
빙하 탐험,로프
빙하 탐험,캠핑툴
빙하 탐험,아이젠
빙하 탐험,보호모
빙하 탐험,방한용품
빙하 탐험,핫팩
빙하 탐험,건조식량
빙하 탐험,아이스피켈
전통 체험,가방
전통 체험,카메라
탁구,탁구공
탁구,탁구라켓
농구,공
농구,농구화
농구,양말
농구,반바지
농구,반팔티
농구,물
플라잉디스크,플라잉디스크
플라잉디스크,운동화
플라잉디스크,물
플라잉디스크,선글라스
플라잉디스크,선크림
플라잉디스크,모자
플라잉디스크,운동복
알고리즘 문제풀기,노트북
알고리즘 문제풀기,펜
알고리즘 문제풀기,종이
알고리즘 문제풀기,마우스
라크로스,라크로스스틱
라크로스,공
라크로스,보호장비
라크로스,신발
라크로스,글러브
라크로스,케이스
하키,공
하키,헬멧
하키,신발
하키,스틱
아쿠아리움,티켓
아쿠아리움,사진기
가드닝,모자
뮤지컬,티켓
공연,티켓
마사지,지갑
의료,지갑
의료,여권